"long","lat","bio1","bio12"
-69.3541666663425,-29.2291666670015,4.46083402633667,112
-69.2708333330085,-29.0208333336665,5.74399995803833,98
-69.2291666663415,-28.7708333336645,4.70166683197021,99
-68.2291666663335,-28.7291666669975,14.6728296279907,127
-68.3958333330015,-28.6458333336635,13.778829574585,121
-69.8958333330135,-28.6458333336635,1.59216701984406,109
-68.7291666663375,-28.6041666669965,8.90416622161865,129
-68.8541666663385,-28.4791666669955,3.65966701507568,113
-68.8541666663385,-28.3958333336615,1.67566704750061,117
-68.8541666663385,-28.3125000003275,2.06733298301697,123
-68.8541666663385,-28.3125000003275,2.06733298301697,123
-68.2291666663335,-27.8125000003235,6.67766714096069,109
-68.3958333330015,-27.6875000003225,3.29266691207886,111
-68.3124999996675,-27.6458333336555,1.39250004291534,119
-68.2291666663335,-27.6458333336555,5.6018328666687,113
-68.5624999996695,-27.6458333336555,4.11899995803833,103
-68.1458333329995,-27.6041666669885,8.33899974822998,98
-69.0624999996735,-27.6041666669885,-0.218666702508926,112
-68.5208333330025,-27.6041666669885,2.16483306884766,107
-69.0624999996735,-27.5625000003215,1.02866697311401,102
-69.0208333330065,-27.4791666669875,1.23233294487,97
-69.2708333330085,-27.4791666669875,2.89400005340576,96
-69.1041666663405,-27.4791666669875,2.3529999256134,92
-69.2708333330085,-27.4791666669875,2.89400005340576,96
-68.1041666663325,-27.4375000003205,7.96383285522461,89
-69.0208333330065,-27.3958333336535,2.86666703224182,84
-69.2291666663415,-27.3958333336535,2.70099997520447,82
-68.8958333330055,-27.3125000003195,0.581166684627533,99
-69.0208333330065,-27.3125000003195,3.71849989891052,78
-68.1041666663325,-27.2291666669855,6.72933292388916,85
-69.0208333330065,-27.1458333336515,4.3356671333313,69
-68.1041666663325,-27.1041666669845,6.50600004196167,78
-68.0624999996655,-27.1041666669845,5.44516706466675,86
-69.1458333330075,-27.0625000003175,6.12766599655151,56
-68.9374999996725,-27.0625000003175,3.78883290290833,75
-69.1874999996745,-27.0625000003175,4.94683313369751,60
-68.9791666663395,-27.0625000003175,5.19733285903931,63
-69.1458333330075,-26.9791666669835,5.67533302307129,54
-69.0624999996735,-26.9791666669835,6.22833299636841,55
-68.0624999996655,-26.9791666669835,5.72650003433228,85
-68.0624999996655,-26.9375000003165,5.15666723251343,86
-69.1041666663405,-26.8958333336495,6.25600004196167,58
-66.7291666663215,-26.8958333336495,10.9896697998047,142
-66.8124999996555,-26.8125000003155,8.77633380889893,127
-67.1458333329915,-26.7708333336485,8.03800010681152,103
-66.8958333329895,-26.7291666669815,10.3905000686646,105
-67.0208333329905,-26.7291666669815,7.85083293914795,115
-67.1874999996585,-26.6875000003145,6.72333288192749,106
-66.9374999996565,-26.6875000003145,10.2025003433228,104
-66.9791666663235,-26.6875000003145,9.01449966430664,110
-66.9374999996565,-26.6041666669805,10.2095003128052,101
-66.8541666663225,-26.4791666669795,9.86533355712891,102
-66.8541666663225,-26.4375000003125,7.82233285903931,113
-67.3541666663265,-26.4375000003125,11.4471702575684,67
-69.3124999996755,-26.3541666669785,8.95149993896484,27
-67.0624999996575,-26.2708333336445,4.77650022506714,113
-67.0624999996575,-26.2291666669775,5.05816698074341,110
-67.3541666663265,-26.1875000003105,10.4088296890259,66
-69.2291666663415,-26.1041666669765,7.18149995803833,29
-67.3958333329935,-26.1041666669765,10.1934995651245,62
-67.1458333329915,-25.9791666669755,3.00799989700317,112
-67.1874999996585,-25.9791666669755,4.13183403015137,106
-67.7291666663295,-25.7291666669735,10.465669631958,47
-69.3541666663425,-25.4791666669715,11.1160001754761,12
-67.1874999996585,-25.4375000003045,6.65416717529297,82
-68.8958333330055,-25.1875000003025,8.20600032806396,27
-68.7291666663375,-25.1041666669685,6.4433331489563,32
-68.6874999996705,-25.1041666669685,6.53249979019165,33
-69.0624999996735,-25.1041666669685,7.0538330078125,38
-68.6458333330035,-25.0625000003015,7.18050003051758,33
-68.2291666663335,-25.0625000003015,6.59416723251343,43
-68.6041666663365,-24.9791666669675,7.5310001373291,28
-69.0208333330065,-24.9791666669675,8.1875,21
-68.7291666663375,-24.9791666669675,6.982666015625,29
-68.9374999996725,-24.9791666669675,7.71150016784668,30
-68.7708333330045,-24.9791666669675,7.50216722488403,27
-69.1041666663405,-24.9791666669675,7.21400022506714,24
-68.6041666663365,-24.8958333336335,5.23183298110962,39
-68.6041666663365,-24.7708333336325,3.1096670627594,45
-68.0624999996655,-24.7291666669655,4.93300008773804,54
-69.0208333330065,-24.7291666669655,11.2853298187256,13
-68.6458333330035,-24.6875000002985,4.43433284759521,41
-68.5208333330025,-24.6875000002985,-0.404500007629395,69
-68.6874999996705,-24.6458333336315,6.14133310317993,32
-68.9374999996725,-24.6458333336315,11.0865001678467,15
-68.3541666663345,-24.6458333336315,4.19049978256226,46
-68.6041666663365,-24.6041666669645,5.60349988937378,36
-68.5208333330025,-24.6041666669645,1.6273330450058,57
-67.4374999996605,-24.5625000002975,9.62183284759521,62
-68.6874999996705,-24.5625000002975,7.32516717910767,26
-66.1874999996505,-24.5208333336305,7.13649988174438,145
-68.4791666663355,-24.4791666669635,4.45433282852173,45
-65.9791666663155,-24.4375000002965,10.6816701889038,167
-69.5208333330105,-24.4375000002965,15.6044998168945,8
-68.4374999996685,-24.4375000002965,6.91599988937378,35
-68.2708333330005,-24.3958333336295,2.74866700172424,61
-68.4374999996685,-24.3958333336295,8.09816646575928,30
-68.4791666663355,-24.3958333336295,7.1100001335144,33
-68.9791666663395,-24.3541666669625,9.48900032043457,16
-66.2291666663175,-24.3541666669625,6.81966686248779,141
-66.9374999996565,-24.3125000002955,7.92633295059204,86
-66.3124999996515,-24.2291666669615,8.15716552734375,131
-68.4791666663355,-24.1875000002945,9.02849960327148,28
-68.4374999996685,-24.1458333336275,9.54850006103516,28
-68.3541666663345,-24.1458333336275,10.9518299102783,26
-67.5624999996615,-24.1041666669605,8.79766654968262,57
-68.3124999996675,-24.0625000002935,10.5579996109009,29
-68.2708333330005,-24.0625000002935,11.0469999313354,29
-66.2291666663175,-23.9791666669595,9.72850036621094,135
-67.4791666663275,-23.9791666669595,4.92833280563354,75
-67.7291666663295,-23.9375000002925,6.24350023269653,58
-67.6041666663285,-23.9375000002925,6.2810001373291,62
-67.7291666663295,-23.8958333336255,5.79533290863037,60
-67.9791666663315,-23.8958333336255,8.59483337402344,46
-66.1458333329835,-23.8958333336255,10.1218299865723,142
-67.4374999996605,-23.8958333336255,4.72550010681152,76
-67.8124999996635,-23.8958333336255,6.02716684341431,57
-67.1041666663245,-23.8541666669585,7.4603328704834,81
-67.4791666663275,-23.8541666669585,4.26016712188721,77
-67.8541666663305,-23.8541666669585,7.04250001907349,54
-67.8541666663305,-23.7708333336245,7.61583280563354,56
-67.4374999996605,-23.7708333336245,3.56116700172424,83
-65.7291666663135,-23.7708333336245,7.40433406829834,183
-67.6874999996625,-23.7708333336245,4.09083318710327,69
-67.4791666663275,-23.7291666669575,3.13183307647705,83
-65.4791666663115,-23.7291666669575,13.8944997787476,295
-67.6041666663285,-23.7291666669575,-0.171000003814697,97
-67.9374999996645,-23.7291666669575,10.0305004119873,46
-65.6458333329795,-23.6875000002905,6.85150003433228,196
-65.7291666663135,-23.6875000002905,8.24983310699463,177
-67.8958333329975,-23.6875000002905,8.38599967956543,50
-67.3541666663265,-23.6875000002905,4.31233310699463,81
-67.6874999996625,-23.6875000002905,2.88350009918213,78
-65.6041666663125,-23.6875000002905,9.98083305358887,195
-65.8124999996475,-23.6875000002905,10.0074996948242,166
-67.6041666663285,-23.6875000002905,-0.382499992847443,98
-67.8541666663305,-23.6458333336235,8.48799991607666,51
-67.2291666663255,-23.6458333336235,4.96233320236206,82
-67.6041666663285,-23.6041666669565,3.6961669921875,77
-65.8958333329815,-23.6041666669565,10.1653299331665,156
-65.8541666663145,-23.6041666669565,10.2194995880127,160
-65.3958333329775,-23.5625000002895,13.613169670105,277
-67.8541666663305,-23.5625000002895,8.59166622161865,54
-66.0208333329825,-23.5625000002895,10.5349998474121,151
-67.6874999996625,-23.5208333336225,4.49266719818115,65
-67.7291666663295,-23.5208333336225,4.02150011062622,67
-68.2708333330005,-23.4375000002885,13.9230003356934,32
-65.8124999996475,-23.4375000002885,10.4333295822144,164
-67.1874999996585,-23.4375000002885,5.4433331489563,83
-65.3541666663105,-23.4375000002885,13.3096704483032,243
-67.8124999996635,-23.4375000002885,3.70849990844727,72
-66.3541666663185,-23.3958333336215,9.25033378601074,132
-68.1874999996665,-23.3958333336215,14.0218296051025,36
-67.9374999996645,-23.3541666669545,11.9484996795654,45
-68.1041666663325,-23.3125000002875,13.9993295669556,40
-65.3541666663105,-23.3125000002875,12.9145002365112,205
-65.1041666663085,-23.2708333336205,5.08683300018311,278
-67.5624999996615,-23.2291666669535,3.5298330783844,78
-67.0208333329905,-23.2291666669535,6.64499998092651,92
-67.2291666663255,-23.2291666669535,5.57049989700317,83
-65.2708333329765,-23.2291666669535,11.4553298950195,210
-67.2708333329925,-23.1875000002865,5.43233299255371,82
-67.5208333329945,-23.1875000002865,4.02099990844727,80
-67.3124999996595,-23.1875000002865,4.86700010299683,83
-68.2291666663335,-23.1875000002865,13.8873300552368,35
-65.1874999996425,-23.1875000002865,7.60699987411499,252
-65.3124999996435,-23.1875000002865,12.0416698455811,199
-67.5624999996615,-23.1875000002865,3.70650005340576,82
-67.9791666663315,-23.1875000002865,12.7515001296997,46
-65.1041666663085,-23.1458333336195,8.4888334274292,267
-67.8541666663305,-23.1458333336195,7.4225001335144,54
-67.3958333329935,-23.1458333336195,5.49399995803833,77
-67.1041666663245,-23.1458333336195,5.01866722106934,94
-67.0208333329905,-23.1458333336195,5.79833316802979,98
-67.5624999996615,-23.1041666669525,3.38899993896484,80
-67.3958333329935,-23.1041666669525,5.41499996185303,77
-67.5624999996615,-23.1041666669525,3.38899993896484,80
-67.3124999996595,-23.0625000002855,4.98649978637695,83
-67.2708333329925,-23.0208333336185,5.28716707229614,83
-68.2708333330005,-22.9791666669515,13.7854995727539,34
-67.3541666663265,-22.9791666669515,5.02983283996582,80
-68.1458333329995,-22.9791666669515,13.8888301849365,40
-68.0208333329985,-22.9791666669515,12.3091697692871,44
-67.2708333329925,-22.9791666669515,5.22900009155273,85
-67.3124999996595,-22.9791666669515,5.14916706085205,82
-67.6458333329955,-22.9791666669515,3.39000010490417,82
-68.2708333330005,-22.9791666669515,13.7854995727539,34
-67.8541666663305,-22.9375000002845,5.29133319854736,62
-67.6874999996625,-22.9375000002845,2.66449999809265,81
-65.5624999996455,-22.9375000002845,9.67983341217041,215
-67.1874999996585,-22.8958333336175,4.85466718673706,92
-65.2708333329765,-22.8958333336175,9.1163330078125,256
-65.6458333329795,-22.8958333336175,9.85550022125244,211
-67.6874999996625,-22.8541666669505,4.25833320617676,69
-68.0624999996655,-22.8541666669505,11.8291702270508,42
-68.1874999996665,-22.8541666669505,12.9728298187256,37
-65.6874999996465,-22.8541666669505,10.3516702651978,209
-67.8958333329975,-22.8125000002835,3.5613329410553,65
-68.3958333330015,-22.8125000002835,10.6533298492432,30
-68.1041666663325,-22.7708333336165,10.7133302688599,41
-67.8124999996635,-22.7708333336165,4.48366594314575,65
-65.7708333329805,-22.7291666669495,10.841329574585,211
-65.7291666663135,-22.7291666669495,10.8664999008179,215
-68.0208333329985,-22.6875000002825,6.84766721725464,50
-65.7291666663135,-22.6875000002825,10.8558301925659,221
-66.1458333329835,-22.6875000002825,9.50799942016602,177
-68.1874999996665,-22.6875000002825,9.44333362579346,38
-65.8124999996475,-22.6875000002825,10.5834999084473,214
-68.1458333329995,-22.6458333336155,8.08966636657715,45
-67.6874999996625,-22.6458333336155,3.74783301353455,74
-67.9374999996645,-22.6041666669485,2.45600008964539,74
-67.6874999996625,-22.6041666669485,4.16733312606812,72
-67.8541666663305,-22.6041666669485,-0.452333301305771,93
-68.1041666663325,-22.6041666669485,6.76033401489258,49
-68.0208333329985,-22.6041666669485,4.20533323287964,59
-67.4374999996605,-22.5625000002815,4.02116680145264,86
-67.6458333329955,-22.5625000002815,4.28249979019165,72
-66.1458333329835,-22.5625000002815,9.47033309936523,184
-68.1874999996665,-22.5208333336145,7.26633405685425,45
-65.7708333329805,-22.5208333336145,10.7329998016357,240
-65.8958333329815,-22.5208333336145,9.38350009918213,218
-65.9374999996485,-22.4791666669475,9.90349960327148,216
-67.6041666663285,-22.4791666669475,4.36216688156128,77
-67.5208333329945,-22.4791666669475,4.58833408355713,79
-68.0208333329985,-22.4791666669475,4.39166688919067,62
-65.9791666663155,-22.4791666669475,9.97866630554199,210
-68.1874999996665,-22.4791666669475,6.58599996566772,48
-68.1458333329995,-22.4791666669475,5.89349985122681,51
-67.3958333329935,-22.4375000002805,2.95483303070068,95
-68.0208333329985,-22.3958333336135,3.68533301353455,65
-68.1458333329995,-22.3958333336135,6.44266700744629,51
-68.1874999996665,-22.3541666669465,8.49450016021729,43
-67.7708333329965,-22.3541666669465,2.20066690444946,81
-66.0208333329825,-22.3541666669465,10.2174997329712,222
-68.3958333330015,-22.3541666669465,11.4301700592041,32
-67.8541666663305,-22.3125000002795,2.88966703414917,75
-65.2708333329765,-22.3125000002795,6.89683294296265,309
-68.0208333329985,-22.3125000002795,4.67083311080933,61
-67.1874999996585,-22.2708333336125,-0.0353332906961441,130
-68.1458333329995,-22.2291666669455,8.01000022888184,48
-65.2708333329765,-22.2291666669455,7.95816707611084,321
-67.8124999996635,-22.2291666669455,4.83216714859009,68
-65.2708333329765,-22.2291666669455,7.95816707611084,321
-65.2291666663095,-22.1875000002785,6.72283315658569,318
-65.1041666663085,-22.1875000002785,6.375,331
-68.0208333329985,-22.1875000002785,4.5963339805603,64
-65.5208333329785,-22.1875000002785,11.2550001144409,323
-67.8124999996635,-22.1875000002785,4.84566593170166,73
-67.7291666663295,-22.1875000002785,4.76316690444946,73
-65.3541666663105,-22.1458333336115,10.6681699752808,340
-65.3958333329775,-22.1458333336115,11.0749998092651,341
-67.6041666663285,-22.1458333336115,3.11649990081787,86
-67.4791666663275,-22.1041666669445,5.19116687774658,85
-68.0624999996655,-22.1041666669445,5.27133321762085,62
-68.0624999996655,-22.0625000002775,5.66900014877319,60
-67.5624999996615,-22.0625000002775,4.14400005340576,85
-67.8958333329975,-22.0625000002775,3.27133297920227,77
-65.9374999996485,-22.0625000002775,10.5351696014404,257
-68.3541666663345,-22.0208333336105,3.72283291816711,59
-68.1874999996665,-22.0208333336105,5.92933320999146,56
-68.3124999996675,-21.9791666669435,6.66183280944824,49
-67.3541666663265,-21.9791666669435,6.72800016403198,85
-68.3541666663345,-21.9791666669435,6.3914999961853,49
-68.5208333330025,-21.9375000002765,9.00749969482422,38
-67.5208333329945,-21.9375000002765,4.21999979019165,86
-68.1874999996665,-21.8958333336095,3.47116708755493,65
-68.8541666663385,-21.8958333336095,5.59683322906494,42
-68.1458333329995,-21.8958333336095,2.70683288574219,74
-66.1041666663165,-21.8541666669425,8.61983299255371,212
-67.8541666663305,-21.8125000002755,1.59816694259644,90
-68.4374999996685,-21.8125000002755,6.67116689682007,49
-67.9791666663315,-21.8125000002755,2.61249995231628,80
-68.3958333330015,-21.8125000002755,5.93300008773804,53
-68.1458333329995,-21.8125000002755,3.65333294868469,68
-68.3124999996675,-21.7708333336085,4.4854998588562,60
-67.6041666663285,-21.7291666669415,3.32850003242493,93
-68.1874999996665,-21.7291666669415,6.48016595840454,57
-68.2291666663335,-21.6875000002745,7.04433298110962,55
-66.6041666663205,-21.6875000002745,6.50733280181885,151
-68.0624999996655,-21.6875000002745,4.85466718673706,66
-66.7708333329885,-21.6041666669405,7.69516706466675,131
-67.8541666663305,-21.6041666669405,3.81349992752075,78
-68.3124999996675,-21.6041666669405,6.63450002670288,55
-67.6041666663285,-21.6041666669405,6.21199989318848,77
-68.0624999996655,-21.6041666669405,5.21999979019165,66
-68.3541666663345,-21.6041666669405,4.44549989700317,63
-66.5208333329865,-21.6041666669405,5.01433277130127,164
-66.7708333329885,-21.5625000002735,7.78999996185303,129
-68.0624999996655,-21.5625000002735,5.04899978637695,68
-66.7291666663215,-21.5625000002735,7.87066698074341,134
-68.0208333329985,-21.5208333336065,5.1638331413269,69
-68.3124999996675,-21.4791666669395,6.65616703033447,57
-68.2708333330005,-21.4791666669395,6.78583288192749,57
-68.3958333330015,-21.4791666669395,6.81949996948242,56
-66.6041666663205,-21.4375000002725,7.92833280563354,148
-67.8124999996635,-21.4375000002725,5.0633339881897,76
-68.4374999996685,-21.3958333336055,6.33500003814697,60
-67.3124999996595,-21.3958333336055,8.44133281707764,82
-67.5208333329945,-21.3541666669385,7.97450017929077,73
-68.0208333329985,-21.3541666669385,5.06083297729492,74
-68.3541666663345,-21.3541666669385,6.70733308792114,59
-68.3124999996675,-21.3125000002715,6.78350019454956,62
-68.2708333330005,-21.2708333336045,6.71833276748657,64
-67.2291666663255,-21.2291666669375,8.68000030517578,90
-68.6874999996705,-21.1875000002705,4.87616682052612,61
-68.6458333330035,-21.1875000002705,4.6646671295166,64
-68.2708333330005,-21.1875000002705,6.85249996185303,68
-68.0208333329985,-21.1458333336035,7.12816715240479,79
-68.9791666663395,-21.1041666669365,9.93616676330566,31
-68.4791666663355,-21.1041666669365,3.49699997901917,74
-68.5624999996695,-21.1041666669365,4.7888331413269,66
-68.6874999996705,-21.1041666669365,3.42199993133545,68
-67.1041666663245,-21.0625000002695,8.90516662597656,99
-68.4791666663355,-21.0625000002695,4.5625,69
-68.4791666663355,-21.0625000002695,4.5625,69
-68.8541666663385,-21.0208333336025,4.26933288574219,65
-68.5624999996695,-20.9791666669355,4.3348331451416,74
-67.0624999996575,-20.9791666669355,9.32450008392334,101
-68.7291666663375,-20.9791666669355,2.36533308029175,79
-68.5624999996695,-20.9791666669355,4.3348331451416,74
-68.7708333330045,-20.9375000002685,3.14883303642273,72
-68.7708333330045,-20.8958333336015,3.16199994087219,73
-68.6458333330035,-20.8958333336015,4.43249988555908,73
-68.8958333330055,-20.8958333336015,4.68200016021729,64
-68.6874999996705,-20.8958333336015,2.77500009536743,81
-67.6458333329955,-20.8541666669345,8.32866668701172,72
-68.6874999996705,-20.8125000002675,5.32733297348022,68
-69.0208333330065,-20.7708333336005,7.26033401489258,51
-68.9791666663395,-20.7708333336005,5.14416599273682,64
-68.6874999996705,-20.6875000002665,6.00950002670288,65
-67.2291666663255,-20.6458333335995,8.78666687011719,113
-66.9791666663235,-20.6041666669325,9.65783309936523,123
-68.7708333330045,-20.6041666669325,4.51083278656006,75
-68.7708333330045,-20.5625000002655,4.32266712188721,79
-67.7708333329965,-20.5625000002655,8.04783344268799,84
-68.8958333330055,-20.5208333335985,5.11533308029175,72
-68.8124999996715,-20.4791666669315,3.92000007629395,82
-66.9374999996565,-20.4791666669315,9.743332862854,143
-66.8124999996555,-20.4791666669315,9.75699996948242,131
-66.6041666663205,-20.4375000002645,9.5629997253418,152
-68.8958333330055,-20.3958333335975,4.83150005340576,80
-69.3541666663425,-20.3958333335975,15.9071702957153,11
-69.1041666663405,-20.3958333335975,8.29483318328857,53
-67.5624999996615,-20.3958333335975,7.63899993896484,161
-66.8958333329895,-20.3958333335975,9.38066673278809,124
-68.8541666663385,-20.3541666669305,5.30800008773804,79
-68.9791666663395,-20.3125000002635,3.68183302879333,89
-66.9791666663235,-20.3125000002635,9.15016746520996,133
-68.8124999996715,-20.3125000002635,5.60483407974243,77
-67.1874999996585,-20.2291666669295,8.28933334350586,117
-67.4791666663275,-20.2291666669295,7.74933290481567,166
-68.9791666663395,-20.2291666669295,3.22350001335144,98
-67.0624999996575,-20.1875000002625,9.17766666412354,136
-68.8124999996715,-20.1875000002625,5.38633298873901,88
-68.7291666663375,-20.1458333335955,2.50816702842712,115
-68.6041666663365,-20.1041666669285,4.54833316802979,107
-68.7708333330045,-20.0208333335945,3.92650008201599,108
-68.6458333330035,-19.9375000002605,5.61149978637695,110
-67.6874999996625,-19.8958333335935,7.63749980926514,127
-67.6041666663285,-19.8958333335935,7.6395001411438,128
-67.6874999996625,-19.8958333335935,7.63749980926514,127
-68.8124999996715,-19.8958333335935,4.76333284378052,111
-68.8124999996715,-19.7708333335925,1.02566695213318,161
-66.3541666663185,-19.7708333335925,7.09216690063477,176
-66.8124999996555,-19.7291666669255,8.96199989318848,135
-68.8124999996715,-19.6875000002585,1.40983295440674,172
-68.9374999996725,-19.5625000002575,3.5153329372406,152
-68.8541666663385,-19.4791666669235,4.31349992752075,158
-68.8124999996715,-19.4375000002565,4.8411660194397,161
-68.9791666663395,-19.3958333335895,3.91533303260803,165
-68.9791666663395,-19.3958333335895,3.91533303260803,165
-68.9374999996725,-19.3958333335895,3.27083301544189,175
-69.1458333330075,-19.3125000002555,4.27616596221924,166
-69.0208333330065,-19.2708333335885,3.81733298301697,182
-69.1041666663405,-19.2708333335885,3.47416710853577,181
-68.8541666663385,-19.2291666669215,5.33699989318848,177
-68.9374999996725,-19.1875000002545,4.29549980163574,197
-69.0208333330065,-19.1875000002545,2.59400010108948,206
-69.2708333330085,-19.1458333335875,5.8513331413269,154
-69.2708333330085,-19.1458333335875,5.8513331413269,154
-68.9374999996725,-19.1041666669205,3.84766697883606,214
-69.2708333330085,-19.0208333335865,6.12866687774658,166
-68.9374999996725,-19.0208333335865,3.98049998283386,229
-68.9374999996725,-18.9791666669195,3.76983308792114,238
-69.2708333330085,-18.9375000002525,6.58599996566772,169
-69.1041666663405,-18.9375000002525,2.60899996757507,245
-68.9791666663395,-18.9375000002525,2.55749988555908,250
-69.1041666663405,-18.8958333335855,3.46166706085205,238
-69.0208333330065,-18.8958333335855,3.59649991989136,241
-69.1874999996745,-18.8541666669185,3.74983310699463,234
-68.9374999996725,-18.8125000002515,3.20533299446106,264
-69.0624999996735,-18.8125000002515,3.59500002861023,253
-69.1041666663405,-18.8125000002515,3.53233289718628,251
-69.1874999996745,-18.7708333335845,3.20000004768372,257
-69.3541666663425,-18.7291666669175,4.64699983596802,228
-69.0624999996735,-18.6875000002505,4.30950021743774,271
-69.1874999996745,-18.6458333335835,4.26700019836426,275
-69.2708333330085,-18.6041666669165,3.10816693305969,281
-69.3958333330095,-18.5625000002495,1.88450002670288,271
-69.1458333330075,-18.5625000002495,5.03916597366333,274
-69.1874999996745,-18.5625000002495,4.86700010299683,279
-67.8124999996635,-18.5625000002495,8.21883296966553,270
-69.2708333330085,-18.5625000002495,3.03649997711182,284
-69.1041666663405,-18.4791666669155,2.60816693305969,313
-69.3124999996755,-18.4791666669155,3.83899998664856,286
-69.2291666663415,-18.4791666669155,4.27583312988281,302
-69.3958333330095,-18.4375000002485,3.17783308029175,274
-69.2708333330085,-18.3958333335815,3.81333303451538,304
-69.3958333330095,-18.3958333335815,3.48333311080933,274
-69.2708333330085,-18.3958333335815,3.81333303451538,304
-69.1041666663405,-18.3958333335815,0.0443333014845848,335
-69.6041666663445,-18.3541666669145,9.86516666412354,152
-69.4791666663435,-18.3125000002475,2.59549999237061,274
-69.1458333330075,-18.3125000002475,2.21216702461243,328
-69.3124999996755,-18.3125000002475,3.15183305740356,307
-69.3958333330095,-18.3125000002475,3.08349990844727,286
-69.1874999996745,-18.2708333335805,1.64633297920227,332
-69.0208333330065,-18.2291666669135,3.06299996376038,357
-69.5624999996775,-18.2291666669135,8.31900024414062,200
-69.4791666663435,-18.1875000002465,3.1965000629425,281
-69.4791666663435,-18.1875000002465,3.1965000629425,281
-69.3541666663425,-18.1875000002465,3.25399994850159,304
-69.3541666663425,-18.1875000002465,3.25399994850159,304
-69.5624999996775,-18.1875000002465,7.91300010681152,208
-69.1874999996745,-18.1875000002465,2.25916695594788,341
-68.9791666663395,-18.1458333335795,5.15833282470703,364
-68.8958333330055,-18.1041666669125,-0.315666705369949,426
-69.2708333330085,-18.1041666669125,3.19149994850159,331
-69.5208333330105,-18.1041666669125,-0.0158333200961351,344
-69.5624999996775,-18.1041666669125,3.91983294487,272
-69.2708333330085,-18.1041666669125,3.19149994850159,331
-69.4374999996765,-18.0625000002455,1.66250002384186,334
-68.8958333330055,-18.0625000002455,2.88450002670288,390
-69.3958333330095,-18.0208333335785,3.33049988746643,315
-69.6041666663445,-17.9791666669115,7.80266714096069,219
-69.3124999996755,-17.9791666669115,4.11733293533325,330
-69.5624999996775,-17.9791666669115,7.07483291625977,234
-69.6874999996785,-17.9375000002445,5.08183288574219,246
-69.6041666663445,-17.8958333335775,7.1733341217041,236
-69.7291666663455,-17.8541666669105,6.5939998626709,227
-69.3124999996755,-17.8541666669105,5.80233287811279,327
-69.3541666663425,-17.8125000002435,5.63149976730347,328
-69.4374999996765,-17.8125000002435,3.70783305168152,332
-69.4791666663435,-17.8125000002435,2.15316700935364,350
-69.7708333330125,-17.7708333335765,5.41033315658569,249
-69.8124999996795,-17.7708333335765,4.70316600799561,257
-69.6041666663445,-17.7708333335765,3.1568329334259,314
-69.3541666663425,-17.7708333335765,6.54766702651978,319
-69.5624999996775,-17.6875000002425,5.555832862854,299
-69.3958333330095,-17.6875000002425,7.2106671333313,310
-69.6874999996785,-17.6875000002425,5.74533319473267,273
-69.4791666663435,-17.6875000002425,5.55683279037476,318
-69.4791666663435,-17.6041666669085,7.38250017166138,305
-68.6458333330035,-17.2291666669055,9.40533447265625,461
-66.4374999996525,-17.0208333335705,8.70300006866455,915
-68.9374999996725,-16.9375000002365,8.71766662597656,562
-70.6458333330195,-16.8541666669025,6.07800006866455,348
-69.0208333330065,-16.7291666669015,8.62383365631104,647
-68.9374999996725,-16.6875000002345,8.35533332824707,667
-70.6041666663525,-16.6041666669005,4.7896671295166,467
-71.4374999996925,-16.5208333335665,12.6401700973511,94
-70.9791666663555,-16.4375000002325,2.40466690063477,465
-71.1458333330235,-16.3541666668985,4.33383321762085,370
-71.1874999996905,-16.3541666668985,4.17266702651978,368
-71.3124999996915,-16.3125000002315,4.20433282852173,357
-71.4374999996925,-16.3125000002315,6.01249980926514,292
-70.8958333330215,-16.3125000002315,3.10466694831848,502
-71.6041666663605,-16.2708333335645,9.21666622161865,189
-71.5208333330265,-16.2708333335645,9.49416637420654,199
-71.0624999996895,-16.2708333335645,3.9909999370575,411
-71.2291666663575,-16.2291666668975,3.25483298301697,412
-71.3124999996915,-16.2291666668975,7.0475001335144,306
-71.3124999996915,-16.1875000002305,7.03700017929077,315
-71.6458333330275,-16.1875000002305,10.9235000610352,163
-71.4374999996925,-16.1875000002305,5.3526668548584,323
-71.1874999996905,-16.1041666668965,5.27783298492432,382
-71.4374999996925,-16.1041666668965,5.92766714096069,322
-71.6041666663605,-16.1041666668965,8.60633373260498,247
-71.4791666663595,-16.0625000002295,5.53033399581909,333
-71.3958333330255,-15.9791666668955,4.16699981689453,393
-71.3541666663585,-15.8958333335615,4.10566711425781,416
-71.6458333330275,-15.8958333335615,5.57733297348022,377
-71.8541666663625,-15.8541666668945,1.80649995803833,500
-71.4791666663595,-15.8541666668945,3.7008330821991,442
-71.5208333330265,-15.7708333335605,1.50600004196167,565
-71.5624999996935,-15.7708333335605,2.03800010681152,541
-70.9791666663555,-15.7291666668935,3.10466694831848,648
-71.1041666663565,-15.7291666668935,2.66966700553894,620
-70.8124999996875,-15.6875000002265,5.45166683197021,722
-71.6041666663605,-15.6458333335595,7.9060001373291,437
-71.9374999996965,-15.6041666668925,10.9118299484253,341
-71.6874999996945,-15.6041666668925,4.84216594696045,514
-72.1041666663645,-15.6041666668925,14.7118301391602,235
-71.5624999996935,-15.6041666668925,4.14966678619385,549
-71.0624999996895,-15.5625000002255,3.93683290481567,662
-71.7291666663615,-15.4791666668915,1.09049999713898,693
-73.6041666663765,-15.4791666668915,8.15716552734375,394
-69.0624999996735,-15.2291666668895,5.68383312225342,922
-69.0624999996735,-15.2291666668895,5.68383312225342,922
-69.0208333330065,-15.1875000002225,9.37883377075195,876
-70.3541666663505,-15.0625000002215,8.06333446502686,719
-69.2708333330085,-15.0208333335545,6.37316703796387,874
-69.2708333330085,-14.9791666668875,6.05216693878174,872
-71.1458333330235,-14.8125000002195,5.99583292007446,840
-69.1041666663405,-14.8125000002195,6.18349981307983,903
-74.2708333330485,-14.7708333335525,6.57283306121826,665
-74.4374999997165,-14.6875000002185,6.41083288192749,651
-74.3124999997155,-14.6875000002185,5.66349983215332,685
-73.8124999997115,-14.6458333335515,3.46799993515015,835
-73.8958333330455,-14.6041666668845,4.06483316421509,830
-71.6458333330275,-14.5625000002175,2.93849992752075,929
-74.2291666663815,-14.3541666668825,5.017333984375,780
-74.6874999997185,-14.3125000002155,6.32800006866455,645
-73.1874999997065,-14.2708333335485,6.72516679763794,912
-73.4374999997085,-13.8958333335455,6.15250015258789,949
-70.9374999996885,-13.8958333335455,2.89783310890198,881
-71.2291666663575,-13.8541666668785,3.36899995803833,893
-71.1874999996905,-13.7708333335445,1.38699996471405,944
-75.2291666663895,-13.5625000002095,5.19600009918213,656
-74.9791666663875,-13.4375000002085,3.82100009918213,751
-74.0208333330465,-13.3958333335415,7.51166677474976,946
-71.9791666663635,-13.3958333335415,6.61283302307129,868
-71.9791666663635,-13.3125000002075,11.3125,586
-75.1874999997225,-13.2291666668735,2.54299998283386,760
-75.0624999997215,-13.1041666668725,2.4779999256134,798
-74.9374999997205,-12.8958333335375,5.38883304595947,815
-74.9791666663875,-12.8541666668705,4.38000011444092,817
-75.5624999997255,-12.8125000002035,3.5460000038147,671
-76.1458333330635,-12.6458333335355,6.35349988937378,534
-76.1874999997305,-11.6041666668605,2.51349997520447,957
-75.6458333330595,-11.5208333335265,8.54983329772949,812
-75.8958333330615,-11.4791666668595,6.07999992370605,894
-75.7708333330605,-11.4375000001925,8.48050022125244,699
-75.8124999997275,-11.3958333335255,7.27916717529297,852
-75.9374999997285,-11.2708333335245,5.96433401107788,934
-75.9791666663955,-11.2708333335245,5.23150014877319,998
-75.9791666663955,-11.1875000001905,6.3105001449585,962
-76.1041666663965,-11.1041666668565,6.24049997329712,915
-76.1041666663965,-11.1041666668565,6.24049997329712,915
-75.9791666663955,-11.0208333335225,5.40033292770386,1061
-76.1874999997305,-10.8541666668545,6.22499990463257,1041
-77.2708333330725,-9.8958333335135,3.20983290672302,700
-77.6041666664085,-8.8958333335055,1.68099999427795,980
-78.6458333330835,-7.0625000001575,10.4603300094604,743
-78.5208333330825,-6.8125000001555,12.5856704711914,978
